experiment,epoch,val/det_loss,val/lane/cls,val/lane/reg,val/lane/line_iou,val/lane/mask_aux,val/lane_exist_acc,val/lane_point_mae
exp01_rmt_shared_joint,1.0,2.701709909439087,0.05660079196095467,0.2375460934638977,0.9830754852294922,0.47985833406448364,0.6835000121593475,0.5232685911655426
exp01_rmt_shared_joint,2.0,3.3589970684051513,0.05669632524251938,0.2372662043571472,0.9844555974006652,0.4249593436717987,0.6570000159740448,0.5227026557922363
exp01_rmt_shared_joint,3.0,3.2006410789489745,0.05505616918206215,0.2397800076007843,0.979904808998108,0.39483574748039246,0.6780000126361847,0.5275911295413971
exp01_rmt_shared_joint,4.0,3.140048789978027,0.05394215390086174,0.23748550653457642,0.9843641543388366,0.3815105795860291,0.7120000100135804,0.523183925151825
exp01_rmt_shared_joint,5.0,3.1159736728668213,0.047378193438053134,0.24384443819522858,0.9826228165626526,0.3618174958229065,0.7370000100135803,0.5357438302040101
exp01_rmt_shared_joint,6.0,3.1463358974456788,0.04696622878313064,0.24566617369651794,0.9793053936958312,0.3406684577465057,0.7175000119209289,0.5392784214019776
exp01_rmt_shared_joint,7.0,3.106537952423096,0.04473427131772041,0.24308990001678465,0.980926206111908,0.3298481070995331,0.7990000176429749,0.5342199301719666
exp01_rmt_shared_joint,8.0,3.0878821277618407,0.04286856293678284,0.24069801092147827,0.9755080199241638,0.31989753007888794,0.8210000085830689,0.5292693269252777
exp01_rmt_shared_joint,9.0,3.084949617385864,0.04318434648215771,0.2431289756298065,0.9775249218940735,0.308797048330307,0.7745000147819519,0.5341593730449676
exp01_rmt_shared_joint,10.0,3.0828686714172364,0.04190324880182743,0.24017155885696412,0.9760791349411011,0.30489482045173644,0.7940000104904175,0.5282440078258515
exp02_rmt_gca_joint,1.0,2.612520246505737,0.05745134681463242,0.2387305325269699,0.9806574821472168,0.4802009093761444,0.687000013589859,0.5255094742774964
exp02_rmt_gca_joint,2.0,2.932929458618164,0.0559721951186657,0.23793627917766572,0.9855229568481445,0.4502790355682373,0.6765000128746033,0.5241230416297913
exp02_rmt_gca_joint,3.0,3.0784439754486086,0.05505754142999649,0.23991483688354492,0.9863877272605897,0.40189188957214356,0.6600000119209289,0.5280721449851989
exp02_rmt_gca_joint,4.0,3.2639227867126466,0.04769636109471321,0.24482592523097993,0.9788016223907471,0.3497657811641693,0.7520000147819519,0.5376458036899566
exp02_rmt_gca_joint,5.0,2.8707082653045655,0.04454899951815605,0.2399425631761551,0.9771146488189697,0.33812466263771057,0.7625000190734863,0.5278329849243164
exp02_rmt_gca_joint,6.0,2.8354657554626463,0.04867898121476173,0.23924177050590514,0.9785474848747253,0.32733420968055726,0.7100000143051147,0.5263788414001465
exp02_rmt_gca_joint,7.0,2.792814178466797,0.04666599921882152,0.23996382474899292,0.978871819972992,0.32028265357017516,0.8120000147819519,0.5279278063774109
exp02_rmt_gca_joint,8.0,2.7656865692138672,0.04347056344151497,0.2373153507709503,0.9792532777786255,0.3134040021896362,0.815000011920929,0.5226765012741089
exp02_rmt_gca_joint,9.0,2.735967197418213,0.04676014646887779,0.24197512328624726,0.9779557013511657,0.311601459980011,0.7380000066757202,0.5318305003643036
exp02_rmt_gca_joint,10.0,2.7253418254852293,0.04412250675261021,0.24136016249656678,0.9685254597663879,0.30717073202133177,0.7910000085830688,0.530354380607605
exp03_rmt_gca_lane_detail_joint,1.0,3.3593198013305665,0.055802856236696244,0.23830173254013062,0.9825886249542236,0.4295120644569397,0.6745000100135803,0.524725170135498
exp03_rmt_gca_lane_detail_joint,2.0,3.1716230487823487,0.05547451332211494,0.24369020760059357,0.9814294052124023,0.3848770606517792,0.6635000121593475,0.5354446792602539
exp03_rmt_gca_lane_detail_joint,3.0,3.122076082229614,0.04877838708460331,0.23955848097801208,0.980278582572937,0.3512872540950775,0.7025000119209289,0.5271479082107544
exp03_rmt_gca_lane_detail_joint,4.0,3.0992494773864747,0.042445621266961095,0.23895078301429748,0.9777985620498657,0.31788708448410036,0.797500011920929,0.5258950471878052
exp03_rmt_gca_lane_detail_joint,5.0,3.0901355266571047,0.043983645364642145,0.24027923345565796,0.9776705884933472,0.30161946654319766,0.7820000147819519,0.5284670424461365
exp03_rmt_gca_lane_detail_joint,6.0,3.0878383922576904,0.04287600539624691,0.23816074430942535,0.9764017534255981,0.2919822096824646,0.7975000071525574,0.524164913892746
exp03_rmt_gca_lane_detail_joint,7.0,3.086282968521118,0.04206118747591972,0.23802670061588288,0.9739442038536071,0.2872793209552765,0.810000011920929,0.5238547897338868
exp03_rmt_gca_lane_detail_joint,8.0,3.0559844875335695,0.042963907867670056,0.23669363021850587,0.9652679109573364,0.285728000998497,0.7930000114440918,0.5209377062320709
exp03_rmt_gca_lane_detail_joint,9.0,3.0255946826934816,0.041741685047745704,0.236920548081398,0.9649738669395447,0.2840880620479584,0.7905000162124634,0.5213460183143616
exp03_rmt_gca_lane_detail_joint,10.0,2.9979212188720705,0.04234074138104916,0.23688733339309692,0.9573290252685547,0.28320168137550356,0.7870000147819519,0.5210412204265594
exp04_rmt_gca_lane_matching_joint,1.0,2.255710983276367,0.07032131895422936,0.18059110164642334,0.9087142848968506,0.4752553951740265,0.44600001215934754,0.405987913608551
exp04_rmt_gca_lane_matching_joint,2.0,1.9887122201919556,0.06937836587429047,0.1792193603515625,0.8981354069709778,0.3970351088047028,0.4790000033378601,0.40296159744262694
exp04_rmt_gca_lane_matching_joint,3.0,2.0500281047821045,0.06919384449720382,0.17999713838100434,0.8895200467109681,0.38416063189506533,0.48350000858306885,0.4043421518802643
exp04_rmt_gca_lane_matching_joint,4.0,2.3881009674072264,0.06818509697914124,0.17815989553928374,0.8885214924812317,0.4021411597728729,0.49950000405311584,0.4005424118041992
exp04_rmt_gca_lane_matching_joint,5.0,2.637571439743042,0.06800205156207084,0.18078793585300446,0.8968471622467041,0.3974563407897949,0.4970000123977661,0.40609262585639955
exp04_rmt_gca_lane_matching_joint,6.0,2.5262765979766844,0.06797654241323471,0.17621959507465362,0.8948360586166382,0.38879618644714353,0.47300000607967374,0.396763836145401
exp04_rmt_gca_lane_matching_joint,7.0,2.833910083770752,0.06721402943134308,0.17808948814868927,0.8868217515945435,0.3761041021347046,0.5440000164508819,0.4003863537311554
exp04_rmt_gca_lane_matching_joint,8.0,2.474484100341797,0.06487920179963112,0.17823419749736785,0.8921006846427918,0.36684967756271364,0.5505000054836273,0.40077086329460143
exp04_rmt_gca_lane_matching_joint,9.0,2.7103896808624266,0.06440896287560463,0.17724086821079255,0.8912265419960022,0.3627282464504242,0.5600000131130218,0.398783255815506
exp04_rmt_gca_lane_matching_joint,10.0,2.476268663406372,0.06482642352581024,0.17837953209877014,0.8936818146705627,0.3576200568675995,0.5465000081062317,0.40110737204551694
